Workbook

Sheet Roster
A1: Name | B1: HW1 | C1: HW2 | D1: HW3 | E1: Quiz1 | F1: Quiz2 | G1: Quiz3 | H1: Exam 1 | I1: Exam 2 | J1: Exam 3 | K1: Exam 4 | L1: Exam 5 | M1: Exam 1 E.C. | N1: Exam 2 E.C. | O1: Exam 3 E.C. | P1: Exam 4 E.C. | Q1: Exam 5 E.C.
A2: John Doe | B2: 80 | C2: 85 | D2: 90 | E2: 75 | F2: 80 | G2: 85 | H2: 78 | I2: 75 | J2: 80 | K2: 76 | L2: 78 | M2: 50 | N2: 33 | O2: 0 | P2: 33 | Q2: 50
A3: Jane Doe | B3: 88 | C3: 92 | D3: 96 | E3: 85 | F3: 88 | G3: 91 | H3: 90 | I3: 85 | J3: 91 | K3: 88 | L3: 93 | M3: 100 | N3: 100 | O3: 67 | P3: 100 | Q3: 100
A4: Jamie Doe | B4: 70 | C4: 74 | D4: 78 | E4: 65 | F4: 67.5 | G4: 70 | H4: 60 | I4: 58 | J4: 71 | K4: 65 | L4: 62 | M4: 50 | N4: 0 | O4: 33 | P4: 0 | Q4: 50

Sheet Report View
A1: Name | B1: Homework Avg. Weight | C1: Homework Avg. Score | D1: Homework Avg. Points | E1: Quiz Avg. Weight | F1: Quiz Avg. Score | G1: Quiz Avg. Points | H1: --- | I1: Exam 1 Weight | J1: Exam 1 Score | K1: Exam 1 Points | L1: Exam 2 Weight | M1: Exam 2 Score | N1: Exam 2 Points | O1: Exam 3 Weight | P1: Exam 3 Score | Q1: Exam 3 Points | R1: Exam 4 Weight | S1: Exam 4 Score | T1: Exam 4 Points | U1: Exam 5 Weight | V1: Exam 5 Score | W1: Exam 5 Points | X1: --- | Y1: Exam 1 E.C. Weight | Z1: Exam 1 E.C. Score | AA1: Exam 1 E.C. Points | AB1: Exam 2 E.C. Weight | AC1: Exam 2 E.C. Score | AD1: Exam 2 E.C. Points | AE1: Exam 3 E.C. Weight | AF1: Exam 3 E.C. Score | AG1: Exam 3 E.C. Points | AH1: Exam 4 E.C. Weight | AI1: Exam 4 E.C. Score | AJ1: Exam 4 E.C. Points | AK1: Exam 5 E.C. Weight | AL1: Exam 5 E.C. Score | AM1: Exam 5 E.C. Points | AN1: Current Points | AO1: Current Total | AP1: Weight Summary | AQ1: Need D | AR1: Need C | AS1: Need B | AT1: Need A
A2: =Roster!A2 -> John Doe | B2: 15 | C2: =AVERAGE(Roster!B2:D2) -> 85 | D2: =ROUND(B2*C2/100,1) -> 12.8 | E2: 10 | F2: =AVERAGE(Roster!E2:G2) -> 80 | G2: =ROUND(E2*F2/100,1) -> 8 | H2: --- | I2: 10 | J2: =Roster!H2 -> 78 | K2: =ROUND(I2*J2/100,1) -> 7.8 | L2: 10 | M2: =Roster!I2 -> 75 | N2: =ROUND(L2*M2/100,1) -> 7.5 | O2: 10 | P2: =Roster!J2 -> 80 | Q2: =ROUND(O2*P2/100,1) -> 8 | R2: 10 | S2: =Roster!K2 -> 76 | T2: =ROUND(R2*S2/100,1) -> 7.6 | U2: 10 | V2: =Roster!L2 -> 78 | W2: =ROUND(U2*V2/100,1) -> 7.8 | X2: --- | Y2: 3 | Z2: =Roster!M2 -> 50 | AA2: =ROUND(Y2*Z2/100,1) -> 1.5 | AB2: 3 | AC2: =Roster!N2 -> 33 | AD2: =ROUND(AB2*AC2/100,1) -> 1 | AE2: 3 | AF2: =Roster!O2 -> 0 | AG2: =ROUND(AE2*AF2/100,1) -> 0 | AH2: 3 | AI2: =Roster!P2 -> 33 | AJ2: =ROUND(AH2*AI2/100,1) -> 1 | AK2: 3 | AL2: =Roster!Q2 -> 50 | AM2: =ROUND(AK2*AL2/100,1) -> 1.5 | AN2: =ROUND(D2+G2+K2+N2+Q2+T2+W2+AA2+AD2+AG2+AJ2+AM2,1) -> 64.5 | AO2: =ROUND(AN2/75*100,1) -> 86 | AP2: 75% (+15% E.C.) | AQ2: =IF((60-AN2)/(25/100)<=0,"Already secured",IF((60-AN2)/(25/100)>100,TEXT((60-AN2)/(25/100),"0.0")&"% (just out of reach)",TEXT((60-AN2)/(25/100),"0.0")&"%")) -> Already secured | AR2: =IF((70-AN2)/(25/100)<=0,"Already secured",IF((70-AN2)/(25/100)>100,TEXT((70-AN2)/(25/100),"0.0")&"% (just out of reach)",TEXT((70-AN2)/(25/100),"0.0")&"%")) -> 22.0% | AS2: =IF((80-AN2)/(25/100)<=0,"Already secured",IF((80-AN2)/(25/100)>100,TEXT((80-AN2)/(25/100),"0.0")&"% (just out of reach)",TEXT((80-AN2)/(25/100),"0.0")&"%")) -> 62.0% | AT2: =IF((90-AN2)/(25/100)<=0,"Already secured",IF((90-AN2)/(25/100)>100,TEXT((90-AN2)/(25/100),"0.0")&"% (just out of reach)",TEXT((90-AN2)/(25/100),"0.0")&"%")) -> 102.0% (just out of reach)
A3: =Roster!A3 -> Jane Doe | B3: 15 | C3: =AVERAGE(Roster!B3:D3) -> 92 | D3: =ROUND(B3*C3/100,1) -> 13.8 | E3: 10 | F3: =AVERAGE(Roster!E3:G3) -> 88 | G3: =ROUND(E3*F3/100,1) -> 8.8 | H3: --- | I3: 10 | J3: =Roster!H3 -> 90 | K3: =ROUND(I3*J3/100,1) -> 9 | L3: 10 | M3: =Roster!I3 -> 85 | N3: =ROUND(L3*M3/100,1) -> 8.5 | O3: 10 | P3: =Roster!J3 -> 91 | Q3: =ROUND(O3*P3/100,1) -> 9.1 | R3: 10 | S3: =Roster!K3 -> 88 | T3: =ROUND(R3*S3/100,1) -> 8.8 | U3: 10 | V3: =Roster!L3 -> 93 | W3: =ROUND(U3*V3/100,1) -> 9.3 | X3: --- | Y3: 3 | Z3: =Roster!M3 -> 100 | AA3: =ROUND(Y3*Z3/100,1) -> 3 | AB3: 3 | AC3: =Roster!N3 -> 100 | AD3: =ROUND(AB3*AC3/100,1) -> 3 | AE3: 3 | AF3: =Roster!O3 -> 67 | AG3: =ROUND(AE3*AF3/100,1) -> 2 | AH3: 3 | AI3: =Roster!P3 -> 100 | AJ3: =ROUND(AH3*AI3/100,1) -> 3 | AK3: 3 | AL3: =Roster!Q3 -> 100 | AM3: =ROUND(AK3*AL3/100,1) -> 3 | AN3: =ROUND(D3+G3+K3+N3+Q3+T3+W3+AA3+AD3+AG3+AJ3+AM3,1) -> 81.3 | AO3: =ROUND(AN3/75*100,1) -> 108.4 | AP3: 75% (+15% E.C.) | AQ3: =IF((60-AN3)/(25/100)<=0,"Already secured",IF((60-AN3)/(25/100)>100,TEXT((60-AN3)/(25/100),"0.0")&"% (just out of reach)",TEXT((60-AN3)/(25/100),"0.0")&"%")) -> Already secured | AR3: =IF((70-AN3)/(25/100)<=0,"Already secured",IF((70-AN3)/(25/100)>100,TEXT((70-AN3)/(25/100),"0.0")&"% (just out of reach)",TEXT((70-AN3)/(25/100),"0.0")&"%")) -> Already secured | AS3: =IF((80-AN3)/(25/100)<=0,"Already secured",IF((80-AN3)/(25/100)>100,TEXT((80-AN3)/(25/100),"0.0")&"% (just out of reach)",TEXT((80-AN3)/(25/100),"0.0")&"%")) -> Already secured | AT3: =IF((90-AN3)/(25/100)<=0,"Already secured",IF((90-AN3)/(25/100)>100,TEXT((90-AN3)/(25/100),"0.0")&"% (just out of reach)",TEXT((90-AN3)/(25/100),"0.0")&"%")) -> 34.8%
A4: =Roster!A4 -> Jamie Doe | B4: 15 | C4: =AVERAGE(Roster!B4:D4) -> 74 | D4: =ROUND(B4*C4/100,1) -> 11.1 | E4: 10 | F4: =AVERAGE(Roster!E4:G4) -> 67.5 | G4: =ROUND(E4*F4/100,1) -> 6.8 | H4: --- | I4: 10 | J4: =Roster!H4 -> 60 | K4: =ROUND(I4*J4/100,1) -> 6 | L4: 10 | M4: =Roster!I4 -> 58 | N4: =ROUND(L4*M4/100,1) -> 5.8 | O4: 10 | P4: =Roster!J4 -> 71 | Q4: =ROUND(O4*P4/100,1) -> 7.1 | R4: 10 | S4: =Roster!K4 -> 65 | T4: =ROUND(R4*S4/100,1) -> 6.5 | U4: 10 | V4: =Roster!L4 -> 62 | W4: =ROUND(U4*V4/100,1) -> 6.2 | X4: --- | Y4: 3 | Z4: =Roster!M4 -> 50 | AA4: =ROUND(Y4*Z4/100,1) -> 1.5 | AB4: 3 | AC4: =Roster!N4 -> 0 | AD4: =ROUND(AB4*AC4/100,1) -> 0 | AE4: 3 | AF4: =Roster!O4 -> 33 | AG4: =ROUND(AE4*AF4/100,1) -> 1 | AH4: 3 | AI4: =Roster!P4 -> 0 | AJ4: =ROUND(AH4*AI4/100,1) -> 0 | AK4: 3 | AL4: =Roster!Q4 -> 50 | AM4: =ROUND(AK4*AL4/100,1) -> 1.5 | AN4: =ROUND(D4+G4+K4+N4+Q4+T4+W4+AA4+AD4+AG4+AJ4+AM4,1) -> 53.5 | AO4: =ROUND(AN4/75*100,1) -> 71.3 | AP4: 75% (+15% E.C.) | AQ4: =IF((60-AN4)/(25/100)<=0,"Already secured",IF((60-AN4)/(25/100)>100,TEXT((60-AN4)/(25/100),"0.0")&"% (just out of reach)",TEXT((60-AN4)/(25/100),"0.0")&"%")) -> 26.0% | AR4: =IF((70-AN4)/(25/100)<=0,"Already secured",IF((70-AN4)/(25/100)>100,TEXT((70-AN4)/(25/100),"0.0")&"% (just out of reach)",TEXT((70-AN4)/(25/100),"0.0")&"%")) -> 66.0% | AS4: =IF((80-AN4)/(25/100)<=0,"Already secured",IF((80-AN4)/(25/100)>100,TEXT((80-AN4)/(25/100),"0.0")&"% (just out of reach)",TEXT((80-AN4)/(25/100),"0.0")&"%")) -> 106.0% (just out of reach) | AT4: =IF((90-AN4)/(25/100)<=0,"Already secured",IF((90-AN4)/(25/100)>100,TEXT((90-AN4)/(25/100),"0.0")&"% (just out of reach)",TEXT((90-AN4)/(25/100),"0.0")&"%")) -> 146.0% (just out of reach)
